location_id,location_name,location_type,daily_total_vehicles,daily_total_pcu,morning_peak_vehicles,morning_peak_pcu,evening_peak_vehicles,evening_peak_pcu,peak_direction_pcu_pct,survey_type,survey_day_type,data_status,source_year,source,source_table,generation_method,source_record_id
MB1,Subhash Chowk - Rajiv Chowk,mid_block,121403,107242,10894.0,9030.0,9586.0,8058.0,57.0,mid-block/screen-line,normal_working_day,observed,2018,"RITES Primary Surveys, 2018",Table 3.3 / Table 2.6 / Table 2.7,,
MB2,Rajiv Chowk - Gurugram,mid_block,76524,64227,6436.0,5016.0,5254.0,4335.0,63.0,mid-block/screen-line,normal_working_day,observed,2018,"RITES Primary Surveys, 2018",Table 3.3 / Table 2.6 / Table 2.7,,
MB3,Hero Honda Chowk - Kadipur Chowk,mid_block,50533,44979,4910.0,3610.0,3723.0,3065.0,69.0,mid-block/screen-line,normal_working_day,observed,2018,"RITES Primary Surveys, 2018",Table 3.3 / Table 2.6 / Table 2.7,,
MB4,Basai Chowk - Gurugram,mid_block,38759,30559,3610.0,2611.0,3028.0,2261.0,57.0,mid-block/screen-line,normal_working_day,observed,2018,"RITES Primary Surveys, 2018",Table 3.3 / Table 2.6 / Table 2.7,,
MB5,Railway Station - Gurugram,mid_block,75178,58718,6913.0,4931.0,6230.0,4466.0,64.0,mid-block/screen-line,normal_working_day,observed,2018,"RITES Primary Surveys, 2018",Table 3.3 / Table 2.6 / Table 2.7,,
MB6,India Post Office - Bhagwan Vishwakarma Chowk,mid_block,68206,53367,5710.0,4255.0,4709.0,3482.0,63.0,mid-block/screen-line,normal_working_day,observed,2018,"RITES Primary Surveys, 2018",Table 3.3 / Table 2.6 / Table 2.7,,
MB7,CRPF Camp Chowk - Sector 5 Chowk,mid_block,72727,62242,5832.0,4630.0,5314.0,4432.0,63.0,mid-block/screen-line,normal_working_day,observed,2018,"RITES Primary Surveys, 2018",Table 3.3 / Table 2.6 / Table 2.7,,
MB8,Pataudi Road - Kadipur Chowk,mid_block,47760,37873,4429.0,3261.0,3783.0,2842.0,51.0,mid-block/screen-line,normal_working_day,observed,2018,"RITES Primary Surveys, 2018",Table 3.3 / Table 2.6 / Table 2.7,,
INT1,Huda Chowk,intersection,140928,126369,,,,,,intersection_turning_movement,typical_working_day,observed,2018,"RITES Primary Surveys, 2018",Table 3.5 / Table 3.6,,
INT2,Subhash Chowk,intersection,221499,199475,,,,,,intersection_turning_movement,typical_working_day,observed,2018,"RITES Primary Surveys, 2018",Table 3.5 / Table 3.6,,
INT3,Hero Honda Chowk,intersection,211104,199024,,,,,,intersection_turning_movement,typical_working_day,observed,2018,"RITES Primary Surveys, 2018",Table 3.5 / Table 3.6,,
INT4,Bhagwan Vishwakarma Chowk,intersection,123633,96830,,,,,,intersection_turning_movement,typical_working_day,observed,2018,"RITES Primary Surveys, 2018",Table 3.5 / Table 3.6,,
OC1,Kherki Daula Toll Plaza (NH-48),outer_cordon,121694,144941,9720.0,9086.0,7926.0,7666.0,51.6,outer_cordon,normal_working_day,observed,2018,"RITES Primary Surveys, 2018",Table 3.4,,
OC2,Mehrauli - Gurugram Road (Near Arjangarh metro station),outer_cordon,134828,111344,9351.0,7292.0,6264.0,5167.0,65.0,outer_cordon,normal_working_day,observed,2018,"RITES Primary Surveys, 2018",Table 3.4,,
OC3,Kapasera MCD Toll Plaza (Old Delhi-Gurgaon Road),outer_cordon,68647,57820,4125.0,3255.0,5164.0,3894.0,57.0,outer_cordon,normal_working_day,observed,2018,"RITES Primary Surveys, 2018",Table 3.4,,
