location_id,location_name,location_type,vehicle_category,composition_pct,data_status,source_year,generation_method,source_record_id
INT1,Huda Chowk,intersection,car_jeep_van,41.36,observed,2018,,
INT1,Huda Chowk,intersection,two_wheeler,23.59,observed,2018,,
INT1,Huda Chowk,intersection,auto,25.07,observed,2018,,
INT1,Huda Chowk,intersection,shared_auto,4.55,observed,2018,,
INT1,Huda Chowk,intersection,bus,0.96,observed,2018,,
INT1,Huda Chowk,intersection,mini_bus,0.51,observed,2018,,
INT1,Huda Chowk,intersection,truck,1.0,observed,2018,,
INT1,Huda Chowk,intersection,lcv_tempo,0.28,observed,2018,,
INT1,Huda Chowk,intersection,mav,0.2,observed,2018,,
INT1,Huda Chowk,intersection,cycles,1.77,observed,2018,,
INT1,Huda Chowk,intersection,rickshaw,0.53,observed,2018,,
INT1,Huda Chowk,intersection,others,0.19,observed,2018,,
INT2,Subhash Chowk,intersection,car_jeep_van,48.14,observed,2018,,
INT2,Subhash Chowk,intersection,two_wheeler,28.16,observed,2018,,
INT2,Subhash Chowk,intersection,auto,7.64,observed,2018,,
INT2,Subhash Chowk,intersection,shared_auto,8.53,observed,2018,,
INT2,Subhash Chowk,intersection,bus,1.43,observed,2018,,
INT2,Subhash Chowk,intersection,mini_bus,0.41,observed,2018,,
INT2,Subhash Chowk,intersection,truck,2.23,observed,2018,,
INT2,Subhash Chowk,intersection,lcv_tempo,0.6,observed,2018,,
INT2,Subhash Chowk,intersection,mav,0.79,observed,2018,,
INT2,Subhash Chowk,intersection,cycles,1.36,observed,2018,,
INT2,Subhash Chowk,intersection,rickshaw,0.21,observed,2018,,
INT2,Subhash Chowk,intersection,others,0.49,observed,2018,,
INT3,Hero Honda Chowk,intersection,car_jeep_van,45.73,observed,2018,,
INT3,Hero Honda Chowk,intersection,two_wheeler,28.25,observed,2018,,
INT3,Hero Honda Chowk,intersection,auto,2.09,observed,2018,,
INT3,Hero Honda Chowk,intersection,shared_auto,7.01,observed,2018,,
INT3,Hero Honda Chowk,intersection,bus,1.81,observed,2018,,
INT3,Hero Honda Chowk,intersection,mini_bus,0.54,observed,2018,,
INT3,Hero Honda Chowk,intersection,truck,5.19,observed,2018,,
INT3,Hero Honda Chowk,intersection,lcv_tempo,1.21,observed,2018,,
INT3,Hero Honda Chowk,intersection,mav,4.05,observed,2018,,
INT3,Hero Honda Chowk,intersection,cycles,2.42,observed,2018,,
INT3,Hero Honda Chowk,intersection,rickshaw,0.2,observed,2018,,
INT3,Hero Honda Chowk,intersection,others,1.5,observed,2018,,
INT4,Bhagwan Vishwakarma Chowk,intersection,car_jeep_van,30.93,observed,2018,,
INT4,Bhagwan Vishwakarma Chowk,intersection,two_wheeler,45.51,observed,2018,,
INT4,Bhagwan Vishwakarma Chowk,intersection,auto,7.05,observed,2018,,
INT4,Bhagwan Vishwakarma Chowk,intersection,shared_auto,6.71,observed,2018,,
INT4,Bhagwan Vishwakarma Chowk,intersection,bus,1.32,observed,2018,,
INT4,Bhagwan Vishwakarma Chowk,intersection,mini_bus,0.27,observed,2018,,
INT4,Bhagwan Vishwakarma Chowk,intersection,truck,1.83,observed,2018,,
INT4,Bhagwan Vishwakarma Chowk,intersection,lcv_tempo,0.65,observed,2018,,
INT4,Bhagwan Vishwakarma Chowk,intersection,mav,0.36,observed,2018,,
INT4,Bhagwan Vishwakarma Chowk,intersection,cycles,3.49,observed,2018,,
INT4,Bhagwan Vishwakarma Chowk,intersection,rickshaw,1.54,observed,2018,,
INT4,Bhagwan Vishwakarma Chowk,intersection,others,0.33,observed,2018,,
MB1,Subhash Chowk - Rajiv Chowk,mid_block,car_jeep_van,47.13,derived,2018,,
MB1,Subhash Chowk - Rajiv Chowk,mid_block,two_wheeler,2.83,derived,2018,,
MB1,Subhash Chowk - Rajiv Chowk,mid_block,taxi,33.98,derived,2018,,
MB1,Subhash Chowk - Rajiv Chowk,mid_block,auto,5.06,derived,2018,,
MB1,Subhash Chowk - Rajiv Chowk,mid_block,shared_auto,3.65,derived,2018,,
MB1,Subhash Chowk - Rajiv Chowk,mid_block,bus,1.33,derived,2018,,
MB1,Subhash Chowk - Rajiv Chowk,mid_block,goods_vehicle,4.3,derived,2018,,
MB1,Subhash Chowk - Rajiv Chowk,mid_block,slow_vehicle,1.72,derived,2018,,
MB2,Rajiv Chowk - Gurugram,mid_block,car_jeep_van,31.04,derived,2018,,
MB2,Rajiv Chowk - Gurugram,mid_block,two_wheeler,2.77,derived,2018,,
MB2,Rajiv Chowk - Gurugram,mid_block,taxi,41.92,derived,2018,,
MB2,Rajiv Chowk - Gurugram,mid_block,auto,5.69,derived,2018,,
MB2,Rajiv Chowk - Gurugram,mid_block,shared_auto,10.14,derived,2018,,
MB2,Rajiv Chowk - Gurugram,mid_block,bus,1.7,derived,2018,,
MB2,Rajiv Chowk - Gurugram,mid_block,goods_vehicle,3.78,derived,2018,,
MB2,Rajiv Chowk - Gurugram,mid_block,slow_vehicle,2.96,derived,2018,,
MB3,Hero Honda Chowk - Kadipur Chowk,mid_block,car_jeep_van,32.93,derived,2018,,
MB3,Hero Honda Chowk - Kadipur Chowk,mid_block,two_wheeler,2.71,derived,2018,,
MB3,Hero Honda Chowk - Kadipur Chowk,mid_block,taxi,37.27,derived,2018,,
MB3,Hero Honda Chowk - Kadipur Chowk,mid_block,auto,1.94,derived,2018,,
MB3,Hero Honda Chowk - Kadipur Chowk,mid_block,shared_auto,3.57,derived,2018,,
MB3,Hero Honda Chowk - Kadipur Chowk,mid_block,bus,0.97,derived,2018,,
MB3,Hero Honda Chowk - Kadipur Chowk,mid_block,goods_vehicle,11.55,derived,2018,,
MB3,Hero Honda Chowk - Kadipur Chowk,mid_block,slow_vehicle,9.06,derived,2018,,
MB4,Basai Chowk - Gurugram,mid_block,car_jeep_van,19.76,derived,2018,,
MB4,Basai Chowk - Gurugram,mid_block,two_wheeler,1.4,derived,2018,,
MB4,Basai Chowk - Gurugram,mid_block,taxi,47.87,derived,2018,,
MB4,Basai Chowk - Gurugram,mid_block,auto,2.3,derived,2018,,
MB4,Basai Chowk - Gurugram,mid_block,shared_auto,9.94,derived,2018,,
MB4,Basai Chowk - Gurugram,mid_block,bus,0.96,derived,2018,,
MB4,Basai Chowk - Gurugram,mid_block,goods_vehicle,5.76,derived,2018,,
MB4,Basai Chowk - Gurugram,mid_block,slow_vehicle,12.01,derived,2018,,
MB5,Railway Station - Gurugram,mid_block,car_jeep_van,19.35,derived,2018,,
MB5,Railway Station - Gurugram,mid_block,two_wheeler,2.56,derived,2018,,
MB5,Railway Station - Gurugram,mid_block,taxi,51.01,derived,2018,,
MB5,Railway Station - Gurugram,mid_block,auto,5.48,derived,2018,,
MB5,Railway Station - Gurugram,mid_block,shared_auto,10.0,derived,2018,,
MB5,Railway Station - Gurugram,mid_block,bus,1.43,derived,2018,,
MB5,Railway Station - Gurugram,mid_block,goods_vehicle,4.31,derived,2018,,
MB5,Railway Station - Gurugram,mid_block,slow_vehicle,5.86,derived,2018,,
MB6,India Post Office - Bhagwan Vishwakarma Chowk,mid_block,car_jeep_van,20.71,derived,2018,,
MB6,India Post Office - Bhagwan Vishwakarma Chowk,mid_block,two_wheeler,2.94,derived,2018,,
MB6,India Post Office - Bhagwan Vishwakarma Chowk,mid_block,taxi,49.64,derived,2018,,
MB6,India Post Office - Bhagwan Vishwakarma Chowk,mid_block,auto,8.44,derived,2018,,
MB6,India Post Office - Bhagwan Vishwakarma Chowk,mid_block,shared_auto,7.73,derived,2018,,
MB6,India Post Office - Bhagwan Vishwakarma Chowk,mid_block,bus,1.26,derived,2018,,
MB6,India Post Office - Bhagwan Vishwakarma Chowk,mid_block,goods_vehicle,1.63,derived,2018,,
MB6,India Post Office - Bhagwan Vishwakarma Chowk,mid_block,slow_vehicle,7.65,derived,2018,,
MB7,CRPF Camp Chowk - Sector 5 Chowk,mid_block,car_jeep_van,30.13,derived,2018,,
MB7,CRPF Camp Chowk - Sector 5 Chowk,mid_block,two_wheeler,5.0,derived,2018,,
MB7,CRPF Camp Chowk - Sector 5 Chowk,mid_block,taxi,39.7,derived,2018,,
MB7,CRPF Camp Chowk - Sector 5 Chowk,mid_block,auto,7.08,derived,2018,,
MB7,CRPF Camp Chowk - Sector 5 Chowk,mid_block,shared_auto,5.8,derived,2018,,
MB7,CRPF Camp Chowk - Sector 5 Chowk,mid_block,bus,1.97,derived,2018,,
MB7,CRPF Camp Chowk - Sector 5 Chowk,mid_block,goods_vehicle,5.35,derived,2018,,
MB7,CRPF Camp Chowk - Sector 5 Chowk,mid_block,slow_vehicle,4.97,derived,2018,,
MB8,Pataudi Road - Kadipur Chowk,mid_block,car_jeep_van,24.92,derived,2018,,
MB8,Pataudi Road - Kadipur Chowk,mid_block,two_wheeler,1.95,derived,2018,,
MB8,Pataudi Road - Kadipur Chowk,mid_block,taxi,49.74,derived,2018,,
MB8,Pataudi Road - Kadipur Chowk,mid_block,auto,2.55,derived,2018,,
MB8,Pataudi Road - Kadipur Chowk,mid_block,shared_auto,7.09,derived,2018,,
MB8,Pataudi Road - Kadipur Chowk,mid_block,bus,1.54,derived,2018,,
MB8,Pataudi Road - Kadipur Chowk,mid_block,goods_vehicle,5.2,derived,2018,,
MB8,Pataudi Road - Kadipur Chowk,mid_block,slow_vehicle,7.01,derived,2018,,
