month,pm25_ug_m3,no2_ug_m3,so2_ug_m3,co_mg_m3,o3_ug_m3,aqi,source,source_table,source_report_page,data_role,data_status,source_year,source_domain,note
2019-01,273,127,8,33,52,273,Haryana State Pollution Control Board,Table 2.13,2-14,contextual_environmental_data,contextual,2019,air_quality,"DPR Table 2.13 — contextual only, not for temporal joins with 2024 data"
2019-02,126,33,43,19,52,126,Haryana State Pollution Control Board,Table 2.13,2-14,contextual_environmental_data,contextual,2019,air_quality,"DPR Table 2.13 — contextual only, not for temporal joins with 2024 data"
2019-03,132,12,16,10,32,132,Haryana State Pollution Control Board,Table 2.13,2-14,contextual_environmental_data,contextual,2019,air_quality,"DPR Table 2.13 — contextual only, not for temporal joins with 2024 data"
2019-04,299,12,7,17,33,299,Haryana State Pollution Control Board,Table 2.13,2-14,contextual_environmental_data,contextual,2019,air_quality,"DPR Table 2.13 — contextual only, not for temporal joins with 2024 data"
2019-05,285,56,14,16,100,285,Haryana State Pollution Control Board,Table 2.13,2-14,contextual_environmental_data,contextual,2019,air_quality,"DPR Table 2.13 — contextual only, not for temporal joins with 2024 data"
2019-06,214,6,11,11,85,214,Haryana State Pollution Control Board,Table 2.13,2-14,contextual_environmental_data,contextual,2019,air_quality,"DPR Table 2.13 — contextual only, not for temporal joins with 2024 data"
2019-07,44,10,20,18,45,45,Haryana State Pollution Control Board,Table 2.13,2-14,contextual_environmental_data,contextual,2019,air_quality,"DPR Table 2.13 — contextual only, not for temporal joins with 2024 data"
2019-08,68,6,20,17,53,68,Haryana State Pollution Control Board,Table 2.13,2-14,contextual_environmental_data,contextual,2019,air_quality,"DPR Table 2.13 — contextual only, not for temporal joins with 2024 data"
2019-09,32,11,13,15,19,32,Haryana State Pollution Control Board,Table 2.13,2-14,contextual_environmental_data,contextual,2019,air_quality,"DPR Table 2.13 — contextual only, not for temporal joins with 2024 data"
