sector_id,sector_name,administrative_zone,primary_land_use,latitude,longitude,elevation_meters,pincode,civic_authority,nearest_transit_corridor,data_status,source_domain,source_year,generation_method,source_record_id
SEC_001,Sector 1,,,,,,,MCG / GMDA,,reference,geography,,gmda_master_plan_and_official_localities,
SEC_002,Sector 2,,,,,,,MCG / GMDA,,reference,geography,,gmda_master_plan_and_official_localities,
SEC_003,Sector 3,,,,,,,MCG / GMDA,,reference,geography,,gmda_master_plan_and_official_localities,
SEC_004,Sector 4,,,,,,,MCG / GMDA,,reference,geography,,gmda_master_plan_and_official_localities,
SEC_005,Sector 5,,,,,,,MCG / GMDA,,reference,geography,,gmda_master_plan_and_official_localities,
SEC_006,Sector 6,,,,,,,MCG / GMDA,,reference,geography,,gmda_master_plan_and_official_localities,
SEC_007,Sector 7,,,,,,,MCG / GMDA,,reference,geography,,gmda_master_plan_and_official_localities,
SEC_008,Sector 8,,,,,,,MCG / GMDA,,reference,geography,,gmda_master_plan_and_official_localities,
SEC_009,Sector 9,,,,,,,MCG / GMDA,,reference,geography,,gmda_master_plan_and_official_localities,
SEC_010,Sector 10,,,,,,,MCG / GMDA,,reference,geography,,gmda_master_plan_and_official_localities,
SEC_011,Sector 11,,,,,,,MCG / GMDA,,reference,geography,,gmda_master_plan_and_official_localities,
SEC_012,Sector 12,,,,,,,MCG / GMDA,,reference,geography,,gmda_master_plan_and_official_localities,
SEC_013,Sector 13,,,,,,,MCG / GMDA,,reference,geography,,gmda_master_plan_and_official_localities,
SEC_014,Sector 14,,,,,,,MCG / GMDA,,reference,geography,,gmda_master_plan_and_official_localities,
SEC_015,Sector 15,,,,,,,MCG / GMDA,,reference,geography,,gmda_master_plan_and_official_localities,
SEC_016,Sector 16,,,,,,,MCG / GMDA,,reference,geography,,gmda_master_plan_and_official_localities,
SEC_017,Sector 17,,,,,,,MCG / GMDA,,reference,geography,,gmda_master_plan_and_official_localities,
SEC_018,Sector 18,,,,,,,MCG / GMDA,,reference,geography,,gmda_master_plan_and_official_localities,
SEC_019,Sector 19,,,,,,,MCG / GMDA,,reference,geography,,gmda_master_plan_and_official_localities,
SEC_020,Sector 20,,,,,,,MCG / GMDA,,reference,geography,,gmda_master_plan_and_official_localities,
SEC_021,Sector 21,,,,,,,MCG / GMDA,,reference,geography,,gmda_master_plan_and_official_localities,
SEC_022,Sector 22,,,,,,,MCG / GMDA,,reference,geography,,gmda_master_plan_and_official_localities,
SEC_023,Sector 23,,,,,,,MCG / GMDA,,reference,geography,,gmda_master_plan_and_official_localities,
SEC_024,Sector 24,,,,,,,MCG / GMDA,,reference,geography,,gmda_master_plan_and_official_localities,
SEC_025,Sector 25,,,,,,,MCG / GMDA,,reference,geography,,gmda_master_plan_and_official_localities,
SEC_026,Sector 26,,,,,,,MCG / GMDA,,reference,geography,,gmda_master_plan_and_official_localities,
SEC_027,Sector 27,,,,,,,MCG / GMDA,,reference,geography,,gmda_master_plan_and_official_localities,
SEC_028,Sector 28,,,,,,,MCG / GMDA,,reference,geography,,gmda_master_plan_and_official_localities,
SEC_029,Sector 29,,,,,,,MCG / GMDA,,reference,geography,,gmda_master_plan_and_official_localities,
SEC_030,Sector 30,,,,,,,MCG / GMDA,,reference,geography,,gmda_master_plan_and_official_localities,
SEC_031,Sector 31,,,,,,,MCG / GMDA,,reference,geography,,gmda_master_plan_and_official_localities,
SEC_032,Sector 32,,,,,,,MCG / GMDA,,reference,geography,,gmda_master_plan_and_official_localities,
SEC_033,Sector 33,,,,,,,MCG / GMDA,,reference,geography,,gmda_master_plan_and_official_localities,
SEC_034,Sector 34,,,,,,,MCG / GMDA,,reference,geography,,gmda_master_plan_and_official_localities,
SEC_035,Sector 35,,,,,,,MCG / GMDA,,reference,geography,,gmda_master_plan_and_official_localities,
SEC_036,Sector 36,,,,,,,MCG / GMDA,,reference,geography,,gmda_master_plan_and_official_localities,
SEC_037,Sector 37,,,,,,,MCG / GMDA,,reference,geography,,gmda_master_plan_and_official_localities,
SEC_038,Sector 38,,,,,,,MCG / GMDA,,reference,geography,,gmda_master_plan_and_official_localities,
SEC_039,Sector 39,,,,,,,MCG / GMDA,,reference,geography,,gmda_master_plan_and_official_localities,
SEC_040,Sector 40,,,,,,,MCG / GMDA,,reference,geography,,gmda_master_plan_and_official_localities,
SEC_041,Sector 41,,,,,,,MCG / GMDA,,reference,geography,,gmda_master_plan_and_official_localities,
SEC_042,Sector 42,,,,,,,MCG / GMDA,,reference,geography,,gmda_master_plan_and_official_localities,
SEC_043,Sector 43,,,,,,,MCG / GMDA,,reference,geography,,gmda_master_plan_and_official_localities,
SEC_044,Sector 44,,,,,,,MCG / GMDA,,reference,geography,,gmda_master_plan_and_official_localities,
SEC_045,Sector 45,,,,,,,MCG / GMDA,,reference,geography,,gmda_master_plan_and_official_localities,
SEC_046,Sector 46,,,,,,,MCG / GMDA,,reference,geography,,gmda_master_plan_and_official_localities,
SEC_047,Sector 47,,,,,,,MCG / GMDA,,reference,geography,,gmda_master_plan_and_official_localities,
SEC_048,Sector 48,,,,,,,MCG / GMDA,,reference,geography,,gmda_master_plan_and_official_localities,
SEC_049,Sector 49,,,,,,,MCG / GMDA,,reference,geography,,gmda_master_plan_and_official_localities,
SEC_050,Sector 50,,,,,,,MCG / GMDA,,reference,geography,,gmda_master_plan_and_official_localities,
SEC_051,Sector 51,,,,,,,MCG / GMDA,,reference,geography,,gmda_master_plan_and_official_localities,
SEC_052,Sector 52,,,,,,,MCG / GMDA,,reference,geography,,gmda_master_plan_and_official_localities,
SEC_053,Sector 53,,,,,,,MCG / GMDA,,reference,geography,,gmda_master_plan_and_official_localities,
SEC_054,Sector 54,,,,,,,MCG / GMDA,,reference,geography,,gmda_master_plan_and_official_localities,
SEC_055,Sector 55,,,,,,,MCG / GMDA,,reference,geography,,gmda_master_plan_and_official_localities,
SEC_056,Sector 56,,,,,,,MCG / GMDA,,reference,geography,,gmda_master_plan_and_official_localities,
SEC_057,Sector 57,,,,,,,MCG / GMDA,,reference,geography,,gmda_master_plan_and_official_localities,
SEC_058,Sector 58,,,,,,,MCG / GMDA,,reference,geography,,gmda_master_plan_and_official_localities,
SEC_059,Sector 59,,,,,,,MCG / GMDA,,reference,geography,,gmda_master_plan_and_official_localities,
SEC_060,Sector 60,,,,,,,MCG / GMDA,,reference,geography,,gmda_master_plan_and_official_localities,
SEC_061,Sector 61,,,,,,,MCG / GMDA,,reference,geography,,gmda_master_plan_and_official_localities,
SEC_062,Sector 62,,,,,,,MCG / GMDA,,reference,geography,,gmda_master_plan_and_official_localities,
SEC_063,Sector 63,,,,,,,MCG / GMDA,,reference,geography,,gmda_master_plan_and_official_localities,
SEC_064,Sector 64,,,,,,,MCG / GMDA,,reference,geography,,gmda_master_plan_and_official_localities,
SEC_065,Sector 65,,,,,,,MCG / GMDA,,reference,geography,,gmda_master_plan_and_official_localities,
SEC_066,Sector 66,,,,,,,MCG / GMDA,,reference,geography,,gmda_master_plan_and_official_localities,
SEC_067,Sector 67,,,,,,,MCG / GMDA,,reference,geography,,gmda_master_plan_and_official_localities,
SEC_068,Sector 68,,,,,,,MCG / GMDA,,reference,geography,,gmda_master_plan_and_official_localities,
SEC_069,Sector 69,,,,,,,MCG / GMDA,,reference,geography,,gmda_master_plan_and_official_localities,
SEC_070,Sector 70,,,,,,,MCG / GMDA,,reference,geography,,gmda_master_plan_and_official_localities,
SEC_071,Sector 71,,,,,,,MCG / GMDA,,reference,geography,,gmda_master_plan_and_official_localities,
SEC_072,Sector 72,,,,,,,MCG / GMDA,,reference,geography,,gmda_master_plan_and_official_localities,
SEC_073,Sector 73,,,,,,,MCG / GMDA,,reference,geography,,gmda_master_plan_and_official_localities,
SEC_074,Sector 74,,,,,,,MCG / GMDA,,reference,geography,,gmda_master_plan_and_official_localities,
SEC_075,Sector 75,,,,,,,MCG / GMDA,,reference,geography,,gmda_master_plan_and_official_localities,
SEC_076,Sector 76,,,,,,,MCG / GMDA,,reference,geography,,gmda_master_plan_and_official_localities,
SEC_077,Sector 77,,,,,,,MCG / GMDA,,reference,geography,,gmda_master_plan_and_official_localities,
SEC_078,Sector 78,,,,,,,MCG / GMDA,,reference,geography,,gmda_master_plan_and_official_localities,
SEC_079,Sector 79,,,,,,,MCG / GMDA,,reference,geography,,gmda_master_plan_and_official_localities,
SEC_080,Sector 80,,,,,,,MCG / GMDA,,reference,geography,,gmda_master_plan_and_official_localities,
SEC_081,Sector 81,,,,,,,MCG / GMDA,,reference,geography,,gmda_master_plan_and_official_localities,
SEC_082,Sector 82,,,,,,,MCG / GMDA,,reference,geography,,gmda_master_plan_and_official_localities,
SEC_083,Sector 83,,,,,,,MCG / GMDA,,reference,geography,,gmda_master_plan_and_official_localities,
SEC_084,Sector 84,,,,,,,MCG / GMDA,,reference,geography,,gmda_master_plan_and_official_localities,
SEC_085,Sector 85,,,,,,,MCG / GMDA,,reference,geography,,gmda_master_plan_and_official_localities,
SEC_086,Sector 86,,,,,,,MCG / GMDA,,reference,geography,,gmda_master_plan_and_official_localities,
SEC_087,Sector 87,,,,,,,MCG / GMDA,,reference,geography,,gmda_master_plan_and_official_localities,
SEC_088,Sector 88,,,,,,,MCG / GMDA,,reference,geography,,gmda_master_plan_and_official_localities,
SEC_089,Sector 89,,,,,,,MCG / GMDA,,reference,geography,,gmda_master_plan_and_official_localities,
SEC_090,Sector 90,,,,,,,MCG / GMDA,,reference,geography,,gmda_master_plan_and_official_localities,
SEC_091,Sector 91,,,,,,,MCG / GMDA,,reference,geography,,gmda_master_plan_and_official_localities,
SEC_092,Sector 92,,,,,,,MCG / GMDA,,reference,geography,,gmda_master_plan_and_official_localities,
SEC_093,Sector 93,,,,,,,MCG / GMDA,,reference,geography,,gmda_master_plan_and_official_localities,
SEC_094,Sector 94,,,,,,,MCG / GMDA,,reference,geography,,gmda_master_plan_and_official_localities,
SEC_095,Sector 95,,,,,,,MCG / GMDA,,reference,geography,,gmda_master_plan_and_official_localities,
SEC_096,Sector 96,,,,,,,MCG / GMDA,,reference,geography,,gmda_master_plan_and_official_localities,
SEC_097,Sector 97,,,,,,,MCG / GMDA,,reference,geography,,gmda_master_plan_and_official_localities,
SEC_098,Sector 98,,,,,,,MCG / GMDA,,reference,geography,,gmda_master_plan_and_official_localities,
SEC_099,Sector 99,,,,,,,MCG / GMDA,,reference,geography,,gmda_master_plan_and_official_localities,
SEC_100,Sector 100,,,,,,,MCG / GMDA,,reference,geography,,gmda_master_plan_and_official_localities,
SEC_101,Sector 101,,,,,,,MCG / GMDA,,reference,geography,,gmda_master_plan_and_official_localities,
SEC_102,Sector 102,,,,,,,MCG / GMDA,,reference,geography,,gmda_master_plan_and_official_localities,
SEC_103,Sector 103,,,,,,,MCG / GMDA,,reference,geography,,gmda_master_plan_and_official_localities,
SEC_104,Sector 104,,,,,,,MCG / GMDA,,reference,geography,,gmda_master_plan_and_official_localities,
SEC_105,Sector 105,,,,,,,MCG / GMDA,,reference,geography,,gmda_master_plan_and_official_localities,
SEC_106,Sector 106,,,,,,,MCG / GMDA,,reference,geography,,gmda_master_plan_and_official_localities,
SEC_107,Sector 107,,,,,,,MCG / GMDA,,reference,geography,,gmda_master_plan_and_official_localities,
SEC_108,Sector 108,,,,,,,MCG / GMDA,,reference,geography,,gmda_master_plan_and_official_localities,
SEC_109,Sector 109,,,,,,,MCG / GMDA,,reference,geography,,gmda_master_plan_and_official_localities,
SEC_110,Sector 110,,,,,,,MCG / GMDA,,reference,geography,,gmda_master_plan_and_official_localities,
SEC_111,Sector 111,,,,,,,MCG / GMDA,,reference,geography,,gmda_master_plan_and_official_localities,
SEC_112,Sector 112,,,,,,,MCG / GMDA,,reference,geography,,gmda_master_plan_and_official_localities,
SEC_113,Sector 113,,,,,,,MCG / GMDA,,reference,geography,,gmda_master_plan_and_official_localities,
SEC_114,Sector 114,,,,,,,MCG / GMDA,,reference,geography,,gmda_master_plan_and_official_localities,
SEC_115,Sector 115,,,,,,,MCG / GMDA,,reference,geography,,gmda_master_plan_and_official_localities,
IMT_SEC_01,IMT Manesar Sector 1,,,,,,,MCG / GMDA,,reference,geography,,gmda_master_plan_and_official_localities,
IMT_SEC_02,IMT Manesar Sector 2,,,,,,,MCG / GMDA,,reference,geography,,gmda_master_plan_and_official_localities,
IMT_SEC_03,IMT Manesar Sector 3,,,,,,,MCG / GMDA,,reference,geography,,gmda_master_plan_and_official_localities,
IMT_SEC_04,IMT Manesar Sector 4,,,,,,,MCG / GMDA,,reference,geography,,gmda_master_plan_and_official_localities,
IMT_SEC_05,IMT Manesar Sector 5,,,,,,,MCG / GMDA,,reference,geography,,gmda_master_plan_and_official_localities,
GEO_GWAL_01,Gwal Pahari Tech Zone,,,,,,,MCG / GMDA,,reference,geography,,gmda_master_plan_and_official_localities,
GEO_BADSH_01,Badshahpur Drainage Basin,,,,,,,MCG / GMDA,,reference,geography,,gmda_master_plan_and_official_localities,
GEO_CYBER_01,DLF Cyber City Hub,,,,,,,MCG / GMDA,,reference,geography,,gmda_master_plan_and_official_localities,
LOC_000,DLF Phase 1,,,,,,,MCG / GMDA,,reference,geography,,gmda_master_plan_and_official_localities,
LOC_001,DLF Phase 2,,,,,,,MCG / GMDA,,reference,geography,,gmda_master_plan_and_official_localities,
LOC_002,DLF Phase 3,,,,,,,MCG / GMDA,,reference,geography,,gmda_master_plan_and_official_localities,
LOC_003,DLF Phase 4,,,,,,,MCG / GMDA,,reference,geography,,gmda_master_plan_and_official_localities,
LOC_004,DLF Phase 5,,,,,,,MCG / GMDA,,reference,geography,,gmda_master_plan_and_official_localities,
LOC_005,Udyog Vihar Phase 1,,,,,,,MCG / GMDA,,reference,geography,,gmda_master_plan_and_official_localities,
LOC_006,Udyog Vihar Phase 2,,,,,,,MCG / GMDA,,reference,geography,,gmda_master_plan_and_official_localities,
LOC_007,Udyog Vihar Phase 3,,,,,,,MCG / GMDA,,reference,geography,,gmda_master_plan_and_official_localities,
LOC_008,Cyber City,,,,,,,MCG / GMDA,,reference,geography,,gmda_master_plan_and_official_localities,
LOC_009,Golf Course Road,,,,,,,MCG / GMDA,,reference,geography,,gmda_master_plan_and_official_localities,
LOC_010,IMT Manesar,,,,,,,MCG / GMDA,,reference,geography,,gmda_master_plan_and_official_localities,
LOC_011,Sushant Lok Phase 1,,,,,,,MCG / GMDA,,reference,geography,,gmda_master_plan_and_official_localities,
LOC_012,Palam Vihar,,,,,,,MCG / GMDA,,reference,geography,,gmda_master_plan_and_official_localities,
LOC_013,South City 1,,,,,,,MCG / GMDA,,reference,geography,,gmda_master_plan_and_official_localities,
LOC_014,South City 2,,,,,,,MCG / GMDA,,reference,geography,,gmda_master_plan_and_official_localities,
