location_id,location_name,vehicle_category,composition_pct,is_source_observation,source,source_table,source_report_page
INT1,Huda Chowk,car_jeep_van,41.36,True,"RITES Primary Surveys, 2018",Table 3.7,3-6
INT1,Huda Chowk,two_wheeler,23.59,True,"RITES Primary Surveys, 2018",Table 3.7,3-6
INT1,Huda Chowk,auto,25.07,True,"RITES Primary Surveys, 2018",Table 3.7,3-6
INT1,Huda Chowk,shared_auto,4.55,True,"RITES Primary Surveys, 2018",Table 3.7,3-6
INT1,Huda Chowk,bus,0.96,True,"RITES Primary Surveys, 2018",Table 3.7,3-6
INT1,Huda Chowk,mini_bus,0.51,True,"RITES Primary Surveys, 2018",Table 3.7,3-6
INT1,Huda Chowk,truck,1.0,True,"RITES Primary Surveys, 2018",Table 3.7,3-6
INT1,Huda Chowk,lcv_tempo,0.28,True,"RITES Primary Surveys, 2018",Table 3.7,3-6
INT1,Huda Chowk,mav,0.2,True,"RITES Primary Surveys, 2018",Table 3.7,3-6
INT1,Huda Chowk,cycles,1.77,True,"RITES Primary Surveys, 2018",Table 3.7,3-6
INT1,Huda Chowk,rickshaw,0.53,True,"RITES Primary Surveys, 2018",Table 3.7,3-6
INT1,Huda Chowk,others,0.19,True,"RITES Primary Surveys, 2018",Table 3.7,3-6
INT2,Subhash Chowk,car_jeep_van,48.14,True,"RITES Primary Surveys, 2018",Table 3.7,3-6
INT2,Subhash Chowk,two_wheeler,28.16,True,"RITES Primary Surveys, 2018",Table 3.7,3-6
INT2,Subhash Chowk,auto,7.64,True,"RITES Primary Surveys, 2018",Table 3.7,3-6
INT2,Subhash Chowk,shared_auto,8.53,True,"RITES Primary Surveys, 2018",Table 3.7,3-6
INT2,Subhash Chowk,bus,1.43,True,"RITES Primary Surveys, 2018",Table 3.7,3-6
INT2,Subhash Chowk,mini_bus,0.41,True,"RITES Primary Surveys, 2018",Table 3.7,3-6
INT2,Subhash Chowk,truck,2.23,True,"RITES Primary Surveys, 2018",Table 3.7,3-6
INT2,Subhash Chowk,lcv_tempo,0.6,True,"RITES Primary Surveys, 2018",Table 3.7,3-6
INT2,Subhash Chowk,mav,0.79,True,"RITES Primary Surveys, 2018",Table 3.7,3-6
INT2,Subhash Chowk,cycles,1.36,True,"RITES Primary Surveys, 2018",Table 3.7,3-6
INT2,Subhash Chowk,rickshaw,0.21,True,"RITES Primary Surveys, 2018",Table 3.7,3-6
INT2,Subhash Chowk,others,0.49,True,"RITES Primary Surveys, 2018",Table 3.7,3-6
INT3,Hero Honda Chowk,car_jeep_van,45.73,True,"RITES Primary Surveys, 2018",Table 3.7,3-6
INT3,Hero Honda Chowk,two_wheeler,28.25,True,"RITES Primary Surveys, 2018",Table 3.7,3-6
INT3,Hero Honda Chowk,auto,2.09,True,"RITES Primary Surveys, 2018",Table 3.7,3-6
INT3,Hero Honda Chowk,shared_auto,7.01,True,"RITES Primary Surveys, 2018",Table 3.7,3-6
INT3,Hero Honda Chowk,bus,1.81,True,"RITES Primary Surveys, 2018",Table 3.7,3-6
INT3,Hero Honda Chowk,mini_bus,0.54,True,"RITES Primary Surveys, 2018",Table 3.7,3-6
INT3,Hero Honda Chowk,truck,5.19,True,"RITES Primary Surveys, 2018",Table 3.7,3-6
INT3,Hero Honda Chowk,lcv_tempo,1.21,True,"RITES Primary Surveys, 2018",Table 3.7,3-6
INT3,Hero Honda Chowk,mav,4.05,True,"RITES Primary Surveys, 2018",Table 3.7,3-6
INT3,Hero Honda Chowk,cycles,2.42,True,"RITES Primary Surveys, 2018",Table 3.7,3-6
INT3,Hero Honda Chowk,rickshaw,0.2,True,"RITES Primary Surveys, 2018",Table 3.7,3-6
INT3,Hero Honda Chowk,others,1.5,True,"RITES Primary Surveys, 2018",Table 3.7,3-6
INT4,Bhagwan Vishwakarma Chowk,car_jeep_van,30.93,True,"RITES Primary Surveys, 2018",Table 3.7,3-6
INT4,Bhagwan Vishwakarma Chowk,two_wheeler,45.51,True,"RITES Primary Surveys, 2018",Table 3.7,3-6
INT4,Bhagwan Vishwakarma Chowk,auto,7.05,True,"RITES Primary Surveys, 2018",Table 3.7,3-6
INT4,Bhagwan Vishwakarma Chowk,shared_auto,6.71,True,"RITES Primary Surveys, 2018",Table 3.7,3-6
INT4,Bhagwan Vishwakarma Chowk,bus,1.32,True,"RITES Primary Surveys, 2018",Table 3.7,3-6
INT4,Bhagwan Vishwakarma Chowk,mini_bus,0.27,True,"RITES Primary Surveys, 2018",Table 3.7,3-6
INT4,Bhagwan Vishwakarma Chowk,truck,1.83,True,"RITES Primary Surveys, 2018",Table 3.7,3-6
INT4,Bhagwan Vishwakarma Chowk,lcv_tempo,0.65,True,"RITES Primary Surveys, 2018",Table 3.7,3-6
INT4,Bhagwan Vishwakarma Chowk,mav,0.36,True,"RITES Primary Surveys, 2018",Table 3.7,3-6
INT4,Bhagwan Vishwakarma Chowk,cycles,3.49,True,"RITES Primary Surveys, 2018",Table 3.7,3-6
INT4,Bhagwan Vishwakarma Chowk,rickshaw,1.54,True,"RITES Primary Surveys, 2018",Table 3.7,3-6
INT4,Bhagwan Vishwakarma Chowk,others,0.33,True,"RITES Primary Surveys, 2018",Table 3.7,3-6
