field,value
Source document,"Revised Final DPR – Metro Rail Connection from HUDA City Centre to Cyber City, Gurugram"
Source organization,RITES / Haryana Mass Rapid Transport Corporation
DPR publication,2019
Primary traffic survey year,2018
Traffic source,"RITES Primary Surveys, 2018"
Environmental source,Haryana State Pollution Control Board
Primary traffic chapters,Chapter 2 and Chapter 3
Geographic scope,Gurugram / Gurugram-Manesar Urban Complex study area
Important limitation,"Traffic observations are survey aggregates, not a continuous multi-month sensor time series."
Important limitation,The reconstructed vehicle-count fields are derived estimates from reported composition percentages and must not be presented as directly observed counts.
Important limitation,The DPR does not provide weather or event datasets in the extracted tables; those should be sourced separately.
